{"action_accuracy": [0.3863636255264282, 0.5196171998977661, 0.5466507077217102, 0.5655502676963806, 0.5755980610847473, 0.6011961698532104, 0.6411483287811279, 0.682296633720398, 0.7095693945884705, 0.7351674437522888, 0.7633971571922302, 0.7904306054115295, 0.8181818127632141, 0.827033519744873, 0.8421052694320679, 0.849043071269989, 0.8619617223739624, 0.8787081241607666, 0.8763157725334167, 0.8885167241096497, 0.8928229808807373, 0.893062174320221, 0.8973684310913086, 0.9074162840843201, 0.9141148328781128, 0.9038277268409729, 0.9131578803062439, 0.9212918877601624, 0.9255980849266052, 0.9184210300445557, 0.9279904365539551], "action_loss": [1.4103540182113647, 1.0002609491348267, 0.9480606317520142, 0.9098302125930786, 0.8828936815261841, 0.82081538438797, 0.7549377083778381, 0.6856111884117126, 0.61772221326828, 0.5676144957542419, 0.520684540271759, 0.47024306654930115, 0.43615034222602844, 0.3960757255554199, 0.38304129242897034, 0.3576323688030243, 0.32439425587654114, 0.3011428415775299, 0.30627021193504333, 0.27627694606781006, 0.2660669684410095, 0.25946441292762756, 0.2403310090303421, 0.22720882296562195, 0.2165536731481552, 0.221134752035141, 0.21134443581104279, 0.20636248588562012, 0.1904374212026596, 0.20294398069381714, 0.1767803132534027], "device_accuracy": [0.3748803734779358, 0.5193780064582825, 0.6203349232673645, 0.7169856429100037, 0.8385167717933655, 0.8748803734779358, 0.8906698822975159, 0.9129186868667603, 0.9236842393875122, 0.9296650886535645, 0.9342105388641357, 0.9344497323036194, 0.9368420839309692, 0.9380382895469666, 0.9385167360305786, 0.9394736886024475, 0.9394736886024475, 0.9413875341415405, 0.9399521350860596, 0.9502392411231995, 0.9452152848243713, 0.9466507434844971, 0.9471291899681091, 0.9538277387619019, 0.948086142539978, 0.9490430355072021, 0.9509569406509399, 0.9538277387619019, 0.9511961936950684, 0.9545454382896423, 0.952870786190033], "device_loss": [1.557775855064392, 1.059136986732483, 0.865841805934906, 0.6719557046890259, 0.4555424749851227, 0.3369619846343994, 0.29373466968536377, 0.24400970339775085, 0.2109876573085785, 0.19415414333343506, 0.18336863815784454, 0.17458173632621765, 0.17720481753349304, 0.16458621621131897, 0.15765725076198578, 0.1633855700492859, 0.1548549234867096, 0.1493816375732422, 0.15992164611816406, 0.1401754468679428, 0.14391422271728516, 0.15027937293052673, 0.13825450837612152, 0.12448374927043915, 0.13412724435329437, 0.13397864997386932, 0.11876184493303299, 0.12636925280094147, 0.11941435933113098, 0.12282601743936539, 0.11836978793144226], "loss": [2.9695558547973633, 2.058037757873535, 1.81416916847229, 1.5827736854553223, 1.339083194732666, 1.1581960916519165, 1.0488464832305908, 0.9283261895179749, 0.8296581506729126, 0.7617945075035095, 0.7034611105918884, 0.6457664966583252, 0.6128938794136047, 0.5610958933830261, 0.5408807992935181, 0.5201166272163391, 0.4795200228691101, 0.4510706663131714, 0.46726515889167786, 0.4166513979434967, 0.41070568561553955, 0.41012442111968994, 0.3790765702724457, 0.35195326805114746, 0.3509572446346283, 0.354945570230484, 0.3299500048160553, 0.3320251703262329, 0.3100487291812897, 0.3261803984642029, 0.2954131066799164], "val_action_accuracy": [0.5062201023101807, 0.5368421077728271, 0.5559808611869812, 0.6220095753669739, 0.6334928274154663, 0.7263157963752747, 0.7751196026802063, 0.779904305934906, 0.841148316860199, 0.8488038182258606, 0.9244019389152527, 0.9090909361839294, 0.9177033305168152, 0.9330143332481384, 0.921531081199646, 0.9444975852966309, 0.9492822885513306, 0.9483253359794617, 0.9502392411231995, 0.9540669918060303, 0.9435406923294067, 0.9492822885513306, 0.9521530866622925, 0.9473684430122375, 0.9464114904403687, 0.9492822885513306, 0.9511961936950684, 0.9483253359794617, 0.9521530866622925, 0.9540669918060303, 0.9511961936950684], "val_action_loss": [1.0554543733596802, 0.9502636194229126, 0.9057251811027527, 0.8709033727645874, 0.8098978400230408, 0.7280359268188477, 0.6593880653381348, 0.5591963529586792, 0.490826278924942, 0.45131435990333557, 0.37843459844589233, 0.32984626293182373, 0.33347269892692566, 0.28829848766326904, 0.25358477234840393, 0.23716695606708527, 0.2319490909576416, 0.24205432832241058, 0.2167946845293045, 0.2100534588098526, 0.20833759009838104, 0.19902962446212769, 0.19573235511779785, 0.1949642449617386, 0.2173125296831131, 0.188081294298172, 0.2064649760723114, 0.2003052681684494, 0.21455486118793488, 0.20362824201583862, 0.21242347359657288], "val_device_accuracy": [0.4775119721889496, 0.6162679195404053, 0.8258373141288757, 0.9282296895980835, 0.9569377899169922, 0.9693779945373535, 0.9665071964263916, 0.9741626977920532, 0.9751195907592773, 0.9655502438545227, 0.9760765433311462, 0.9732057452201843, 0.9722487926483154, 0.9712918400764465, 0.9741626977920532, 0.9712918400764465, 0.9789473414421082, 0.9741626977920532, 0.9732057452201843, 0.9732057452201843, 0.9703349471092224, 0.9741626977920532, 0.9712918400764465, 0.9741626977920532, 0.9722487926483154, 0.9722487926483154, 0.9741626977920532, 0.9693779945373535, 0.9732057452201843, 0.9760765433311462, 0.9722487926483154], "val_device_loss": [1.180963158607483, 0.9183609485626221, 0.6701377630233765, 0.43103787302970886, 0.21601104736328125, 0.14753320813179016, 0.11677553504705429, 0.08797197788953781, 0.09145617485046387, 0.09099546819925308, 0.07824791967868805, 0.0855615884065628, 0.08972092717885971, 0.08063346147537231, 0.0872223898768425, 0.088361956179142, 0.10755077749490738, 0.09481587260961533, 0.0899791494011879, 0.08761914074420929, 0.08816082775592804, 0.08665908873081207, 0.0871446281671524, 0.08066099137067795, 0.0988713875412941, 0.08692498505115509, 0.09993026405572891, 0.10914528369903564, 0.11036813259124756, 0.08845826983451843, 0.1116245910525322], "val_loss": [2.2329671382904053, 1.8659813404083252, 1.5721713304519653, 1.2904813289642334, 1.0179789066314697, 0.8729104995727539, 0.7736092805862427, 0.6446703672409058, 0.5785098671913147, 0.5390836000442505, 0.45332521200180054, 0.41169145703315735, 0.41648370027542114, 0.366093248128891, 0.3371756672859192, 0.3203144371509552, 0.33167681097984314, 0.3311704397201538, 0.30183732509613037, 0.2923494279384613, 0.2904442250728607, 0.2809004485607147, 0.2770746648311615, 0.2718309760093689, 0.3074968457221985, 0.26990869641304016, 0.3002754747867584, 0.30467095971107483, 0.31509312987327576, 0.28332120180130005, 0.3078107535839081]}